{
    "$schema": "https://schema.management.azure.com/schemas/2015-01-01/deploymentParameters.json#",
    "contentVersion": "1.0.0.0",
    "parameters": {
        "factoryName": {
            "value": "team05datafactory"
        },
        "AzureDataLakeStorage1_accountKey": {
            "value": ""
        },
        "AzureDataLakeStorage2_accountKey": {
            "value": ""
        },
        "AzureDataLakeStorage3_accountKey": {
            "value": ""
        },
        "AzureSqlDatabase1_connectionString": {
            "value": ""
        },
        "AzureSqlDatabase2_connectionString": {
            "value": ""
        },
        "CosmosDbNoSql1_connectionString": {
            "value": ""
        },
        "GitHub1_credential": {
            "value": ""
        },
        "SqlServer2_connectionString": {
            "value": ""
        },
        "SqlServer3_connectionString": {
            "value": ""
        },
        "challenge2storage_accountKey": {
            "value": ""
        },
        "vmSqlServer4_connectionString": {
            "value": ""
        },
        "vmSqlServer5_connectionString": {
            "value": ""
        },
        "AzureDataLakeStorage1_properties_typeProperties_url": {
            "value": "https://team05.dfs.core.windows.net/"
        },
        "AzureDataLakeStorage2_properties_typeProperties_url": {
            "value": "https://team05.dfs.core.windows.net/"
        },
        "AzureDataLakeStorage3_properties_typeProperties_url": {
            "value": "https://team05.dfs.core.windows.net/"
        },
        "GitHub1_properties_typeProperties_username": {
            "value": "https://github.com/joshleeds"
        },
        "challenge2storage_properties_typeProperties_url": {
            "value": "https://team05.dfs.core.windows.net/"
        }
    }
}